年月度,変更日,有効期限,パスワード
-,-,2019年11月30日,abcdabcd
2019年12月,2019年12月18日,2019年12月30日,kzxxxxCEmSDs
2020年1月,2020年1月6日,2020年1月31日,cUHyyyyfN9vD
2020年2月,2020年2月3日,2020年2月29日,NbNvzzzzCKie
2020年3月,2020年3月2日,2020年3月31日,sDTwwwwcf4yE
2020年4月,2020年4月1日,2020年4月30日,NwbggggGXaGj
2020年5月,2020年5月7日,2020年5月31日,NmJaBMhhhhCV
2020年6月,2020年6月1日,2020年6月30日,2VnnnncMfCQ4
2020年7月,2020年7月1日,2020年7月30日,vJEATmWjjjju
2020年8月,2020年8月1日,2020年8月31日,8zvvvv2VayhZ
2020年9月,2020年9月1日,2020年9月30日,6kCkS5mmmmsH
2020年10月,2020年10月1日,2020年10月31日,4qkkkkQggdsq
